name,num_points,mg_1_2,mg_1_2_err,n,n_err,a_0,a_0_err
AAAGG_CCUGCC,15,2.309161925362836,0.10659008194247074,1.603591413969457,0.10687332005016496,0.8736026648338777,0.018025589306319922
AACGG_CCUAAA,15,3.40163014916979,0.456519155779048,1.7647024148385535,0.5698677103570905,0.7359491253046115,0.04457566848052015
AACGG_CCUAAC,15,2.187082382443187,0.2714328699927666,1.2124500311709394,0.15486961395118137,0.931462521211305,0.04169862657080048
AACGG_CCUACG,15,3.1696864436258925,0.35431544760555966,1.3938484190816296,0.13532671629512782,0.7459525063353766,0.03447292741726492
AACGG_CCUGCC,15,1.1734033140372606,0.12640883832002325,1.2524771459954802,0.21238994650236032,0.9554669114649198,0.034483774109013446
AAGGG_CCCUAAC,15,2.053260508982739,0.28488900358167346,1.777094263048178,0.3222820806242017,0.7807060225012247,0.03989765686100814
AAGGG_CCUGCC,15,0.8698998777915448,0.06018793733750675,1.2965233436360328,0.11974920367161558,0.898755352845332,0.020611621009706378
AAUGG_CCUAAA,15,2.0013254038975616,0.20673895462582276,1.3274328349140694,0.1512871617885664,0.9075926908547739,0.032636260613585974
AAUGG_CCUAAC,15,1.4805329308188773,0.17496925528342042,1.2372615913294072,0.16641895991507927,0.8520583720270722,0.035007369194135926
AAUGG_CCUAAG,15,2.952799440429277,0.20831116428733176,1.7704519982795148,0.21522415780654994,0.7231155556989444,0.024894471776363745
AAUGG_CCUACC,15,1.734022013583681,0.08129919998272055,1.679343388409945,0.12224835736963086,0.875770557825082,0.01635372931404959
AAUGG_CCUACG,15,26.268291366949548,80.56558460629746,0.8866163794130762,0.30591165320593217,0.9326584977822686,0.394514286333975
AAUGG_CCUGAC,15,2.3828283451983356,0.14829762479095943,1.7612425468119053,0.1846856881501311,0.8811461344769062,0.02382868663899626
AAUGG_CCUGUAC,15,3.607569501633612,0.4133368703528256,1.5216725590133962,0.21571798002976694,0.7019752295796176,0.035299988599452145
AAUGG_CCUUCC,15,1.297205415861072,0.1289771416841486,1.300751852879765,0.1670261494126151,0.9142696617907805,0.03205036442158006
AAUGG_UCUAAG,15,32.96745389650307,103.7492825989702,0.9686830873205982,0.3017994585519752,0.6894698581914639,0.3623202021986311
ACUGG_CCUGCC,15,27.790855015756193,153.10851435855685,0.799743344708134,0.19368306966570017,0.8722617904974546,0.36803231438528583
CAAGC_GCUAAA,15,1.7415891510641281,0.2479455614188244,1.0659265082491285,0.14255732229152052,0.9085392372905047,0.03982418542215548
CAAGG_CCUAAA,15,0.5340936239319277,0.031237384572214925,0.9083587939154941,0.06283418394288347,0.9485721560124467,0.015701115858278512
CAAGG_CCUAAC,15,0.5078380678409813,0.03149579282305725,1.0766402919514602,0.07543414420051746,0.9608780848909594,0.015490256819460252
CAAGG_CCUACC,15,1.062212771280469,0.09933748235801255,1.2273389401631933,0.1424554617374803,0.9016051133147213,0.029211813212532977
CACGC_GCUAAA,15,0.33867935947011496,0.009574321298727262,1.033037849420904,0.03320480857178704,0.9372224192716869,0.0061901327335969645
CACGG_CCCUAAC,15,3.3234463774270444,0.4295205215472099,1.2756317335511071,0.18418346920406786,0.7655953222147369,0.04216272579477497
CACGG_CCUAAA,15,0.34929360116538616,0.014194953269449464,1.0804939450174693,0.04272889135917397,0.9517789107610011,0.007858909006799553
CACGG_CCUAAC,15,0.7227812339675468,0.03906737019360517,1.1188451380967706,0.06964459852360315,0.9608187249351587,0.014460295476674824
CACGG_CCUAAG,15,3.499160252287444,0.8022942429542178,3.3386419750113383,5.437921759810486,0.5862415059818518,0.06321742484351395
CACGG_CCUAAU,15,1.3848949685805303,0.06810533183047122,1.4233810210520506,0.08709173985332483,0.9080262109462685,0.01698909866433257
CACGG_CCUACA,15,0.79070637320237,0.05769635262778165,1.096596215627292,0.0942721254603689,0.9442315946108841,0.01969838691629967
CACGG_CCUACC,15,1.2449988036913826,0.14109344938456528,1.06298180435865,0.14502995818662334,0.9728038598422346,0.038253325082756966
CACGG_CCUACG,15,3.2261500180398817,0.4653804798060282,1.8022492430272041,0.7405708365873848,0.7578600979649657,0.04961859557114506
CACGG_CCUAGA,15,4.224026865708642,2.3622270842799202,1.2665460664804313,0.24399383850997874,0.7388562290325216,0.09215938444431737
CACGG_CCUAGC,15,3.737993463536917,1.4675660704751454,1.086740539423294,0.24823944607992787,0.6710247414656324,0.08965247092849744
CACGG_CCUAUC,15,2.1558403444598895,0.1083924818850555,1.6708372189365277,0.10161352061634782,0.8630381324202019,0.016687635438933646
CACGG_CCUCCC,15,3.760113057392027,0.6173565503684755,1.4656818729749963,0.2826703401413603,0.6130298282530752,0.0486373770977805
CACGG_CCUUAA,15,3.597261119400987,0.6776906880800515,1.1871472267950607,0.1405879539349517,0.6967921288005844,0.047063132972495265
CACGG_CCUUAC,15,4.998415299725332,0.4537387100909506,1.6094386187646592,0.1931919159337484,0.6738441869284764,0.030932274568887887
CACGG_CCUUCC,15,5.592872462117161,4.101306612621061,1.0101944862138779,0.2669735167003031,0.9532388648827207,0.16155846420758574
CAGGC_GCUAAA,15,2.9511625607116074,1.3218744626982801,0.8456305909207127,0.14794848850752723,0.8745139587887482,0.08838595289957908
CAGGG_CCUAAA,15,0.21561192650144145,0.0062673680237917044,1.0482758439720836,0.032298381917305094,0.9318028122112314,0.004948109382651168
CAGGG_CCUAAC,15,2.777844165981289,0.43586117724181184,1.428695805640659,0.3837247886884775,0.8815916553533483,0.061551509942732105
CAGGG_CCUACA,15,0.8572514787035642,0.06364911714714414,1.0588812493556106,0.07208097846546917,0.9181299895803421,0.019896693305376436
CAGGG_CCUACC,15,2.0811851386300972,0.2791539920273032,1.4610802826549116,0.372445862594186,0.8431797504514558,0.05163546385177789
CAUGA_UCUAAA,15,4.047257881763889,6.108669086710166,0.5868216437394476,0.11048298448478931,0.8309701372747234,0.1399693895292315
CAUGC_GCUAAA,15,1.229757228010765,0.12132575222985036,1.1972829120710762,0.17246498410612413,0.9396726097829535,0.03349396383673917
CAUGC_GCUACA,15,2.5325108363906152,0.6224602666536019,1.5459784220781065,0.5369435274006653,0.7660577531081758,0.07062192355435952
CAUGC_GCUUAA,15,2.495033196531615,0.5309952873528335,1.4235574899291248,0.2979740974528268,0.6086380927241034,0.047488840539065186
CAUGG_CCCUAAC,15,2.3833850365606284,0.2047903689160736,1.9871429894204191,0.2717254300834947,0.6822245898830829,0.027960588717453324
CAUGG_CCUAAA,15,0.21169915792268598,0.0041056365543285355,1.2736751670287283,0.029724925107936048,0.9440457540251339,0.0034106451952894542
CAUGG_CCUAAC,15,0.6195489243444592,0.03238779768866497,1.0320826068034867,0.07450006432552872,0.9475444311373096,0.015516414870145899
CAUGG_CCUAAU,15,2.4396485237394625,0.48748418552166184,1.5164425157037948,0.3573086588827475,0.6994661737194299,0.055867834660918325
CAUGG_CCUACA,15,0.3354829592482668,0.011494853866985658,1.0600988156268556,0.041253505660089014,0.9319684923645766,0.007103951538276547
CAUGG_CCUACC,15,1.5404283132959455,0.2787492166359649,1.1556387413778209,0.20235341106352278,0.884665994245611,0.05096634664667402
CAUGG_CCUACU,15,2.362853496482885,0.1449782254032446,1.5317549633800127,0.11557195748466596,0.7915386184338143,0.018046812102518697
CAUGG_CCUCCC,15,2.820883474680293,0.2068782299517873,1.6918967583682214,0.17204077104674717,0.780675029013277,0.024170159639869345
CAUGG_CCUGCC,15,2.4290579684364753,0.15548112076293594,1.5070851069282554,0.11299781157083397,0.8539816945130362,0.021583136705046992
CAUGG_CCUUAA,15,1.7936353608502946,0.23608993146858134,1.1736473748187388,0.14965768210431368,0.8960230548579148,0.04013464941933737
CAUGG_CCUUCC,15,2.0110159359084334,0.33762087635820476,1.207048650113089,0.17529568643511473,0.9016821220593488,0.048989807735314764
CAUGU_ACUAAA,15,1.0276923805594342,0.08320923635739146,1.1425656558301964,0.1386153613127444,0.9593487750100806,0.02736371273026788
CAUGU_ACUAAC,15,1.1198572464001564,0.0900472313427419,1.2369900595813852,0.1284118988787643,0.8969050383873701,0.02456305544671328
GACGG_CCUAAA,15,6.343118993033472,5.561856998221992,1.1237185141213528,0.2908231588904553,0.5904049630124814,0.123513014212067
GACGG_CCUAAG,15,0.49304725422656753,0.028090402123518758,1.1676308701734186,0.07536990164475073,0.9548881912393432,0.012763980504147926
GACGG_CCUACG,15,1.8244124061727707,0.09267409634558549,1.4869611476548252,0.08842199803244657,0.9083951774505136,0.016066598888511478
GAUGG_CCCUAAG,15,2.99637544322047,0.3518296102433631,1.5497397581352623,0.17330140627849658,0.7718348409721524,0.0347296612786712
GAUGG_CCUAAA,15,1.2600532530527737,0.1543164148913365,1.1182649049989575,0.1346701239425469,0.8365247138927547,0.03216310738098677
GAUGG_CCUAAAG,15,2.9725309809368357,0.8404170537751898,1.1224760505610996,0.23576909698942394,0.8679855146700041,0.08047767211256915
GAUGG_CCUACAC,15,3.866167653170545,0.7056633399952054,1.3058113681099794,0.18379135020040457,0.813175132273482,0.060036099416580904
GAUGG_CCUCCAC,15,7.956050265907694,1.82469555480056,1.2272065898467601,0.18197746800664505,0.6957811585457216,0.07188325351388918
UAAGG_CCUAAC,15,1.4515730554791637,0.04865686308325684,1.526820178190933,0.08708509786348761,0.9169709478916951,0.012321529456300414
UACGA_UCUAAG,15,2.042371354009531,0.579311856116919,0.9258829871564654,0.1754536013318733,0.8815558725100517,0.07159337414099189
UACGA_UCUACG,15,1.9455409434475626,0.3041569780886347,1.1509761535396976,0.1628003873340227,0.8299292352767749,0.042541805113182826
UACGC_GCUAAA,15,4.953387888904746,1.404124185845529,5.081782678419055,16.220847674745038,0.934964236995188,0.11686957376920565
UACGC_GCUAAG,15,0.5177413031991824,0.016301228367064116,1.2721065924336914,0.05167045865761431,0.8985776905108314,0.007781961870252076
UACGC_GCUACG,15,1.82975434119017,0.24697668542156379,1.135950282195148,0.15102979565603492,0.8969314301089918,0.044810746921540336
UACGG_CCUAAA,15,1.0934245721753568,0.10577993844809801,1.1022254371236753,0.122501245925352,0.9066914336129418,0.029766590011979614
UACGG_CCUAAC,15,1.5882701606389782,0.17909358744663614,1.1273017560668308,0.1530720536413875,0.9168568863867966,0.037377673520578775
UACGG_CCUAAG,15,0.4886709357177523,0.020014662209501814,1.1105463237399023,0.05973553790976311,0.9425546684570597,0.01118173640553953
UACGG_CCUAAU,15,1.4413017483083757,0.057426820694803524,1.618168272130034,0.10068146514493936,0.8837800693180402,0.011562336358925136
UACGG_CCUACA,15,1.4579757064410348,1.2310592003727419,0.9537319961324965,0.24717149494927693,0.5279728899350998,0.06941926710300121
UACGG_CCUACC,15,1.6563805650683403,0.24124217633909653,1.0022893650081917,0.1398840752086396,0.8891229043968499,0.04112951207114959
UACGG_CCUACG,15,1.632076992072786,0.21012909409503625,1.1643490665968985,0.2203569754744107,0.9450904283471169,0.04473187707660252
UACGG_CCUACU,15,1.2856149825073007,0.042880508124777346,1.7253593230590172,0.10129808329588767,0.8942831806709411,0.010750366422957082
UACGG_UCUAAG,15,2.030996556134407,0.20342853558704588,1.1727897478390918,0.11111419332353757,0.8243066039455814,0.029877974862567616
UACGG_UCUACG,15,1.6277912585904062,0.06510181510380135,1.7195711624913212,0.10186889725845051,0.8281994036057344,0.012210649608370976
UAGGG_CCUACC,15,3.1626121169798576,0.8206012537152402,1.0390118621351676,0.1739885253718984,0.8820973612918089,0.06948263085924654
UAUGG_CCUAAAC,15,1.1363811961530623,0.04415825973138703,1.661237697262692,0.09960637784476443,0.915765258700391,0.012292113714266742
UAUGG_CCUAAAG,15,1.715839685030829,0.21685275710060922,1.3694408231940125,0.23910028225711966,0.905996418522881,0.043940984283470964
UAUGG_CCUAAC,15,0.9044957861693464,0.05792288635982449,1.1741345748220124,0.10558131831738828,0.9605200160716927,0.018105622914064853
UAUGG_CCUACC,15,2.1764117010451685,0.5033365086679743,1.0310230708956647,0.15496463261975368,0.8752255068711051,0.06159741799814743
UAUGG_CCUCAC,15,43.641517898184645,288.01469000474816,0.8965518397042769,0.2708487721157679,1.1019130394850503,0.5730735105382229
UAUGG_CUUAAC,15,1.0697352403121612,0.2793933416408392,0.018680666784166293,0.10404493993319146,0.35256012051757635,0.062098278133107
UAUGG_UCUAAC,15,0.9517940711750655,0.07539965328490038,1.1898065578035408,0.10830842580457424,0.8735325996883175,0.021233821393676498
