name,r_name,act_seq,act_ss,seq,dg
CAUGG_CCUAAA,11ntR_6A_7C,ACAUGG&CCUAAAU,(...((&))....),CUAGGACAUGGUUGAUAUAGGGGAACCUAUAUCAACCUAAAUCCUAG,-11.77
CAUGA_UCUAAA,11ntR_1U_6A_7C_11A,ACAUGA&UCUAAAU,(...((&))....),CUAGGACAUGAUUGAUAUAGGGGAACCUAUAUCAAUCUAAAUCCUAG,-11.5
CACGG_CCUAAC,11ntR_6C_7C_9C,ACACGG&CCUAACU,(...((&))....),CUAGGACACGGUUGAUAUAGGGGAACCUAUAUCAACCUAACUCCUAG,-11.44
CAUGG_CCUAAC,11ntR_6C_7C,ACAUGG&CCUAACU,(...((&))....),CUAGGACAUGGUUGAUAUAGGGGAACCUAUAUCAACCUAACUCCUAG,-11.39
CAUGC_GCUAAA,11ntR_1G_6A_7C_11C,ACAUGC&GCUAAAU,(...((&))....),CUAGGACAUGCUUGAUAUAGGGGAACCUAUAUCAAGCUAAAUCCUAG,-11.39
CACGG_CCUAAA,11ntR_6A_7C_9C,ACACGG&CCUAAAU,(...((&))....),CUAGGACACGGUUGAUAUAGGGGAACCUAUAUCAACCUAAAUCCUAG,-11.38
CAUGG_CCUACA,11ntR_5C_6A_7C,ACAUGG&CCUACAU,(...((&))....),CUAGGACAUGGUUGAUAUAGGGGAACCUAUAUCAACCUACAUCCUAG,-11.31
GACGG_CCUAAG,11ntR,AGACGG&CCUAAGU,(...((&))....),CUAGGAGACGGAAUGCACAGGGGAACCUGUGCAUUCCUAAGUCCUAG,-11.3
CACGG_CCUACC,11ntR_5C_6C_7C_9C,ACACGG&CCUACCU,(...((&))....),CUAGGACACGGUUGAUAUAGGGGAACCUAUAUCAACCUACCUCCUAG,-11.3
AACGG_CCUGCC,C7.43,AAACGG&CCUGCCU,(...((&))....),CUAGGAAACGGAAUGCACAGGGGAACCUGUGCAUUCCUGCCUCCUAG,-11.29
UAUGG_CCUAAC,11ntR_6C,AUAUGG&CCUAACU,(...((&))....),CUAGGAUAUGGUUGAUAUAGGGGAACCUAUAUCAACCUAACUCCUAG,-11.26
CAAGG_CCUAAA,11ntR_6A_7C_9A,ACAAGG&CCUAAAU,(..(((&)))...),CUAGGACAAGGUUGAUAUAGGGGAACCUAUAUCAACCUAAAUCCUAG,-11.19
UAUGG_CCUAAAG,C7.9,AUAUGG&CCUAAAGU,((..((&))....)),CUAGGAUAUGGUUGAUAUAGGGGAACCUAUAUCAACCUAAAGUCCUAG,-11.13
CACGC_GCUAAA,11ntR_1G_6A_7C_11C,ACACGC&GCUAAAU,(...((&))....),CUAGGACACGCAAUGCACAGGGGAACCUGUGCAUUGCUAAAUCCUAG,-11.08
CAUGG_CCUACC,11ntR_5C_6C_7C,ACAUGG&CCUACCU,(...((&))....),CUAGGACAUGGUUGAUAUAGGGGAACCUAUAUCAACCUACCUCCUAG,-11.05
CAGGG_CCUAAA,11ntR_6A_7C_9G,ACAGGG&CCUAAAU,(..(((&)))...),CUAGGACAGGGUUGAUAUAGGGGAACCUAUAUCAACCUAAAUCCUAG,-10.88
CACGG_CCUACA,11ntR_5C_6A_7C_9C,ACACGG&CCUACAU,(...((&))....),CUAGGACACGGUUGAUAUAGGGGAACCUAUAUCAACCUACAUCCUAG,-10.85
CAUGC_GCUACA,11ntR_1G_6A_7C_11C,ACAUGC&GCUACAU,(...((&))....),CUAGGACAUGCAAUGCACAGGGGAACCUGUGCAUUGCUACAUCCUAG,-10.8
CAGGG_CCUACC,11ntR_5C_6C_7C_9G,ACAGGG&CCUACCU,(..(((&)))...),CUAGGACAGGGUUGAUAUAGGGGAACCUAUAUCAACCUACCUCCUAG,-10.75
CAUGU_ACUAAA,11ntR_1A_6A_7C_11U,ACAUGU&ACUAAAU,(...((&))....),CUAGGACAUGUUUGAUAUAGGGGAACCUAUAUCAAACUAAAUCCUAG,-10.73
UACGG_CCUAAG,11ntR_9C,AUACGG&CCUAAGU,((..((&))...)),CUAGGAUACGGUUGAUAUAGGGGAACCUAUAUCAACCUAAGUCCUAG,-10.72
UACGG_CCUACG,11ntR_5C_9C,AUACGG&CCUACGU,((..((&))...)),CUAGGAUACGGUUGAUAUAGGGGAACCUAUAUCAACCUACGUCCUAG,-10.71
UACGG_CCUAAC,11ntR_6C_9C,AUACGG&CCUAACU,(...((&))....),CUAGGAUACGGUUGAUAUAGGGGAACCUAUAUCAACCUAACUCCUAG,-10.69
CAAGG_CCUAAC,11ntR_6C_7C_9C,ACAAGG&CCUAACU,(..(((&)))...),CUAGGACAAGGAAUGCACAGGGGAACCUGUGCAUUCCUAACUCCUAG,-10.68
CAGGG_CCUAAC,11ntR_6C_7C_9G,ACAGGG&CCUAACU,(..(((&)))...),CUAGGACAGGGUUGAUAUAGGGGAACCUAUAUCAACCUAACUCCUAG,-10.61
CAAGG_CCUACC,11ntR_5C_6C_7C_9C,ACAAGG&CCUACCU,(..(((&)))...),CUAGGACAAGGAAUGCACAGGGGAACCUGUGCAUUCCUACCUCCUAG,-10.59
UACGG_CCUAAA,11ntR_6A_9C,AUACGG&CCUAAAU,((..((&))...)),CUAGGAUACGGUUGAUAUAGGGGAACCUAUAUCAACCUAAAUCCUAG,-10.59
AAUGG_CCUUCC,C7.43,AAAUGG&CCUUCCU,(...((&))....),CUAGGAAAUGGAAUGCACAGGGGAACCUGUGCAUUCCUUCCUCCUAG,-10.59
CAGGG_CCUACA,11ntR_5C_6A_7C_9G,ACAGGG&CCUACAU,(..(((&)))...),CUAGGACAGGGUUGAUAUAGGGGAACCUAUAUCAACCUACAUCCUAG,-10.58
AAUGG_CCUAAA,11ntR_6A_7A,AAAUGG&CCUAAAU,(...((&))....),CUAGGAAAUGGUUGAUAUAGGGGAACCUAUAUCAACCUAAAUCCUAG,-10.53
CAAGC_GCUAAA,11ntR_1G_6A_7C_11C,ACAAGC&GCUAAAU,(..(((&)))...),CUAGGACAAGCAAUGCACAGGGGAACCUGUGCAUUGCUAAAUCCUAG,-10.53
AAUGG_CCUAAC,11ntR_6C_7A,AAAUGG&CCUAACU,(...((&))....),CUAGGAAAUGGUUGAUAUAGGGGAACCUAUAUCAACCUAACUCCUAG,-10.49
CAUGG_CCUUCC,11ntR_5C_6C_7C,ACAUGG&CCUUCCU,(...((&))....),CUAGGACAUGGAAUGCACAGGGGAACCUGUGCAUUCCUUCCUCCUAG,-10.48
CAGGC_GCUAAA,11ntR_1G_6A_7C_11C,ACAGGC&GCUAAAU,(..(((&)))...),CUAGGACAGGCAGGGAUCUUGGGAACAAGAUCCCUGCUAAAUCCUAG,-10.44
GAUGG_CCUAAA,11ntR_6A_7C,AGAUGG&CCUAAAU,(...((&))....),CUAGGAGAUGGUUGAUAUAGGGGAACCUAUAUCAACCUAAAUCCUAG,-10.42
UAUGG_CCUACC,11ntR_5C_6C,AUAUGG&CCUACCU,(...((&))....),CUAGGAUAUGGUUGAUAUAGGGGAACCUAUAUCAACCUACCUCCUAG,-10.39
UACGG_CCUACC,11ntR_5C_6C_9C,AUACGG&CCUACCU,(...((&))....),CUAGGAUACGGUUGAUAUAGGGGAACCUAUAUCAACCUACCUCCUAG,-10.39
UACGC_GCUACG,11ntR_1G_5C_9C_11C,AUACGC&GCUACGU,((..((&))...)),CUAGGAUACGCUUGAUAUAGGGGAACCUAUAUCAAGCUACGUCCUAG,-10.38
CAUGG_CCUUAA,11ntR_6A_7C,ACAUGG&CCUUAAU,(...((&))....),CUAGGACAUGGUUGAUAUAGGGGAACCUAUAUCAACCUUAAUCCUAG,-10.37
UAUGG_UCUAAC,11ntR_1U_6C,AUAUGG&UCUAACU,(...((&))....),CUAGGAUAUGGUUGAUAUAGGGGAACCUAUAUCAAUCUAACUCCUAG,-10.34
UACGC_GCUAAG,11ntR_1G_9C_11C,AUACGC&GCUAAGU,((..((&))...)),CUAGGAUACGCUUGAUAUAGGGGAACCUAUAUCAAGCUAAGUCCUAG,-10.32
UACGA_UCUAAG,11ntR_1U_9C_11A,AUACGA&UCUAAGU,((..((&))...)),CUAGGAUACGAUUGAUAUAGGGGAACCUAUAUCAAUCUAAGUCCUAG,-10.31
GAUGG_CCUAAAG,11nt_R_Vc2_30_2,AGAUGG&CCUAAAGU,(...((&)).....),CUAGGAGAUGGAAUGCACAGGGGAACCUGUGCAUUCCUAAAGUCCUAG,-10.29
CAUGU_ACUAAC,11ntR_1A_6C_7C_11U,ACAUGU&ACUAACU,(...((&))....),CUAGGACAUGUUUGAUAUAGGGGAACCUAUAUCAAACUAACUCCUAG,-10.29
AAGGG_CCUGCC,C7.43,AAAGGG&CCUGCCU,(..(((&)))...),CUAGGAAAGGGAAUGCACAGGGGAACCUGUGCAUUCCUGCCUCCUAG,-10.28
UACGA_UCUACG,11ntR_1U_5C_9C_11A,AUACGA&UCUACGU,((..((&))...)),CUAGGAUACGAUUGAUAUAGGGGAACCUAUAUCAAUCUACGUCCUAG,-10.28
UACGG_CCUACA,11ntR_5C_6A_9C,AUACGG&CCUACAU,((..((&))...)),CUAGGAUACGGUUGAUAUAGGGGAACCUAUAUCAACCUACAUCCUAG,-10.27
UAGGG_CCUACC,11ntR_5C_6C_9G,AUAGGG&CCUACCU,(..(((&)))...),CUAGGAUAGGGUUGAUAUAGGGGAACCUAUAUCAACCUACCUCCUAG,-10.25
CACGG_CCUUCC,11ntR_5C_6C_7C_9C,ACACGG&CCUUCCU,(...((&))....),CUAGGACACGGAAUGCACAGGGGAACCUGUGCAUUCCUUCCUCCUAG,-10.24
AACGG_CCUAAC,11ntR_6C_7A_9C,AAACGG&CCUAACU,(...((&))....),CUAGGAAACGGUUGAUAUAGGGGAACCUAUAUCAACCUAACUCCUAG,-10.22
AAUGG_CCUACC,11ntR_5C_6C_7A,AAAUGG&CCUACCU,(...((&))....),CUAGGAAAUGGUUGAUAUAGGGGAACCUAUAUCAACCUACCUCCUAG,-10.17
UAUGG_CCUAAAC,11nt_R_Vc2_0_2,AUAUGG&CCUAAACU,(...((&)).....),CUAGGAUAUGGAAUGCACAGGGGAACCUGUGCAUUCCUAAACUCCUAG,-10.15
AAUGG_CCUGAC,C7.43,AAAUGG&CCUGACU,(...((&))....),CUAGGAAAUGGAGGGAUCUUGGGAACAAGAUCCCUCCUGACUCCUAG,-10.15
UACGG_CCUAAU,11ntR_6U_9C,AUACGG&CCUAAUU,(...((&))....),CUAGGAUACGGUUGAUAUAGGGGAACCUAUAUCAACCUAAUUCCUAG,-10.14
UACGG_CCUACU,11ntR_5C_9C,AUACGG&CCUACUU,(...((&))....),CUAGGAUACGGUUGAUAUAGGGGAACCUAUAUCAACCUACUUCCUAG,-10.13
UACGG_UCUACG,11ntR_1U_5C_9C,AUACGG&UCUACGU,((..((&))...)),CUAGGAUACGGUUGAUAUAGGGGAACCUAUAUCAAUCUACGUCCUAG,-10.07
CAUGG_CCUGCC,11ntR_5C_6C_7C,ACAUGG&CCUGCCU,(...((&))....),CUAGGACAUGGAAUGCACAGGGGAACCUGUGCAUUCCUGCCUCCUAG,-10.05
AAAGG_CCUGCC,C7.43,AAAAGG&CCUGCCU,(..(((&)))...),CUAGGAAAAGGAAUGCACAGGGGAACCUGUGCAUUCCUGCCUCCUAG,-10.03
CACGG_CCUAUC,11ntR_5C_6C_7C_9C,ACACGG&CCUAUCU,(...((&))....),CUAGGACACGGAAUGCACAGGGGAACCUGUGCAUUCCUAUCUCCUAG,-10.03
GACGG_CCUACG,11ntR_5C_9C,AGACGG&CCUACGU,(...((&))....),CUAGGAGACGGUUGAUAUAGGGGAACCUAUAUCAACCUACGUCCUAG,-10.02
AAUGG_CCUGUAC,C7.2,AAAUGG&CCUGUACU,(...((&)).....),CUAGGAAAUGGUUGAUAUAGGGGAACCUAUAUCAACCUGUACUCCUAG,-10.0
UACGG_UCUAAG,11ntR_1U_9C,AUACGG&UCUAAGU,((..((&))...)),CUAGGAUACGGUUGAUAUAGGGGAACCUAUAUCAAUCUAAGUCCUAG,-10.0
CAUGG_CCUACU,11ntR_5C_6U_7C,ACAUGG&CCUACUU,(...((&))....),CUAGGACAUGGUUGAUAUAGGGGAACCUAUAUCAACCUACUUCCUAG,-9.98
UACGC_GCUAAA,11ntR_1G_6A_9C_11C,AUACGC&GCUAAAU,((..((&))...)),CUAGGAUACGCUUGAUAUAGGGGAACCUAUAUCAAGCUAAAUCCUAG,-9.95
CACGG_CCUAAU,11ntR_6A_7C_9C,ACACGG&CCUAAUU,(...((&))....),CUAGGACACGGUUGAUAUAGGGGAACCUAUAUCAACCUAAUUCCUAG,-9.93
UACGG_GCUAAG,11ntR_1G_9C,AUACGG&GCUAAGU,((..((&)))..)),CUAGGAUACGGUUGAUAUAGGGGAACCUAUAUCAAGCUAAGUCCUAG,-9.91
AACGG_CCUAAA,11ntR_6A_7A_9C,AAACGG&CCUAAAU,(...((&))....),CUAGGAAACGGUUGAUAUAGGGGAACCUAUAUCAACCUAAAUCCUAG,-9.87
CAUGG_CCUCCC,11ntR_5C_6C_7C,ACAUGG&CCUCCCU,(...((&))....),CUAGGACAUGGAAUGCACAGGGGAACCUGUGCAUUCCUCCCUCCUAG,-9.87
UAAGG_CCUAAC,11ntR_6C,AUAAGG&CCUAACU,(..(((&)))...),CUAGGAUAAGGAGGGAUCUUGGGAACAAGAUCCCUCCUAACUCCUAG,-9.85
CACGG_CCUCCC,11ntR_5C_6C_7C_9C,ACACGG&CCUCCCU,(...((&))....),CUAGGACACGGAAUGCACAGGGGAACCUGUGCAUUCCUCCCUCCUAG,-9.78
CACGG_CCUACG,11ntR_5C_7C_9C,ACACGG&CCUACGU,((..((&))...)),CUAGGACACGGUUGAUAUAGGGGAACCUAUAUCAACCUACGUCCUAG,-9.78
CACGG_CCUUAC,11ntR_6C_7C_9C,ACACGG&CCUUACU,(...((&))....),CUAGGACACGGAAUGCACAGGGGAACCUGUGCAUUCCUUACUCCUAG,-9.76
AAUGG_CCUAAG,11ntR,AAAUGG&CCUAAGU,(...((&))....),CUAGGAAAUGGUUGAUAUAGGGGAACCUAUAUCAACCUAAGUCCUAG,-9.72
CACGG_CCUAAG,11ntR_7C_9C,ACACGG&CCUAAGU,((..((&))...)),CUAGGACACGGAAUGCACAGGGGAACCUGUGCAUUCCUAAGUCCUAG,-9.71
CAUGG_CCCUAAC,IC3 ,ACAUGG&CCCUAACU,(...((&)).....),CUAGGACAUGGAGGGAUCUUGGGAACAAGAUCCCUCCCUAACUCCUAG,-9.71
GAUGG_CCUACAC,C7.22,AGAUGG&CCUACACU,((..((&))....)),CUAGGAGAUGGAAUGCACAGGGGAACCUGUGCAUUCCUACACUCCUAG,-9.7
CACGG_CCUUAA,11ntR_6A_7C_9C,ACACGG&CCUUAAU,(...((&))....),CUAGGACACGGUUGAUAUAGGGGAACCUAUAUCAACCUUAAUCCUAG,-9.68
UAUGG_CCUCAC,11ntR_6C,AUAUGG&CCUCACU,(...((&))....),CUAGGAUAUGGAAUGCACAGGGGAACCUGUGCAUUCCUCACUCCUAG,-9.64
CAUGG_CCUAAU,11ntR_6A_7C,ACAUGG&CCUAAUU,(...((&))....),CUAGGACAUGGUUGAUAUAGGGGAACCUAUAUCAACCUAAUUCCUAG,-9.63
CAUGC_GCUUAA,11ntR_1G_6A_7C_11C,ACAUGC&GCUUAAU,(...((&))....),CUAGGACAUGCAAUGCACAGGGGAACCUGUGCAUUGCUUAAUCCUAG,-9.56
AACGG_CCUACG,11ntR_5C_9C,AAACGG&CCUACGU,(...((&))....),CUAGGAAACGGUUGAUAUAGGGGAACCUAUAUCAACCUACGUCCUAG,-9.55
AAGGG_CCCUAAC,IC3 ,AAAGGG&CCCUAACU,(.((((&))))...),CUAGGAAAGGGUUGAUAUAGGGGAACCUAUAUCAACCCUAACUCCUAG,-9.53
UAGGG_CCUAAC,11ntR_6C_9G,AUAGGG&CCUAACU,(..(((&)))...),CUAGGAUAGGGUUGAUAUAGGGGAACCUAUAUCAACCUAACUCCUAG,-9.53
CAUGG_CCUGAA,11ntR_6A_7C,ACAUGG&CCUGAAU,(...((&))....),CUAGGACAUGGUUGAUAUAGGGGAACCUAUAUCAACCUGAAUCCUAG,-9.52
CAUGG_CCUCAA,11ntR_6A_7C,ACAUGG&CCUCAAU,(...((&))....),CUAGGACAUGGUUGAUAUAGGGGAACCUAUAUCAACCUCAAUCCUAG,-9.47
CACGG_CCUAGA,11ntR_6A_7C_9C,ACACGG&CCUAGAU,(...((&))....),CUAGGACACGGUUGAUAUAGGGGAACCUAUAUCAACCUAGAUCCUAG,-9.45
UAAGG_CCUAAAG,11nt_R_Vc2_48_2,AUAAGG&CCUAAAGU,((.(((&)))...)),CUAGGAUAAGGAAUGCACAGGGGAACCUGUGCAUUCCUAAAGUCCUAG,-9.41
GAUGG_CCUCCAC,C7.22,AGAUGG&CCUCCACU,((..((&))....)),CUAGGAGAUGGAAUGCACAGGGGAACCUGUGCAUUCCUCCACUCCUAG,-9.3
UAUGG_CUUAAC,11ntR,AUAUGG&CUUAACU,(...((&))....),CUAGGAUAUGGAAUGCACAGGGGAACCUGUGCAUUCUUAACUCCUAG,-9.3
CACGG_CCCUAAC,IC3 ,ACACGG&CCCUAACU,(...((&)).....),CUAGGACACGGAAUGCACAGGGGAACCUGUGCAUUCCCUAACUCCUAG,-9.24
CACGG_CCUCAC,11ntR_6C_7C_9C,ACACGG&CCUCACU,(...((&))....),CUAGGACACGGAAUGCACAGGGGAACCUGUGCAUUCCUCACUCCUAG,-9.19
AAUGG_CCUACG,11ntR_5C,AAAUGG&CCUACGU,(...((&))....),CUAGGAAAUGGUUGAUAUAGGGGAACCUAUAUCAACCUACGUCCUAG,-9.16
GAUGG_CCCUAAG,IC3 ,AGAUGG&CCCUAAGU,(...((&)).....),CUAGGAGAUGGAAUGCACAGGGGAACCUGUGCAUUCCCUAAGUCCUAG,-9.12
CACGG_CCUAGC,11ntR_5C_6C_7C_9C,ACACGG&CCUAGCU,(...((&))....),CUAGGACACGGAAUGCACAGGGGAACCUGUGCAUUCCUAGCUCCUAG,-9.09
ACUGG_CCUGCC,C7.43,AACUGG&CCUGCCU,(...((&))....),CUAGGAACUGGAAUGCACAGGGGAACCUGUGCAUUCCUGCCUCCUAG,-9.06
GACGG_CCUAAA,11ntR_6A_7C_9C,AGACGG&CCUAAAU,(...((&))....),CUAGGAGACGGUUGAUAUAGGGGAACCUAUAUCAACCUAAAUCCUAG,-8.91
CAUGC_GCUCAA,11ntR_1G_6A_7C_11C,ACAUGC&GCUCAAU,(...((&))....),CUAGGACAUGCAAUGCACAGGGGAACCUGUGCAUUGCUCAAUCCUAG,-8.82
CAUGC_GCUGAA,11ntR_1G_6A_7C_11C,ACAUGC&GCUGAAU,(...((&))....),CUAGGACAUGCAAUGCACAGGGGAACCUGUGCAUUGCUGAAUCCUAG,-8.81
AAUGG_UCUAAG,11ntR,AAAUGG&UCUAAGU,(...((&))....),CUAGGAAAUGGAAUGCACAGGGGAACCUGUGCAUUUCUAAGUCCUAG,-8.35
