name,num_points,mg_1_2,mg_1_2_err,n,n_err,a_0,a_0_err,r_name,act_seq,act_ss,seq,dg,ln_mg_1_2
AAAGG_CCUGCC,15,2.309161925362836,0.1065900819424707,1.603591413969457,0.1068733200501649,0.8736026648338777,0.0180255893063199,C7.43,AAAAGG&CCUGCCU,(..(((&)))...),CUAGGAAAAGGAAUGCACAGGGGAACCUGUGCAUUCCUGCCUCCUAG,-10.03,0.8368846558315862
AACGG_CCUAAA,15,3.40163014916979,0.456519155779048,1.7647024148385535,0.5698677103570905,0.7359491253046115,0.0445756684805201,11ntR_6A_7A_9C,AAACGG&CCUAAAU,(...((&))....),CUAGGAAACGGUUGAUAUAGGGGAACCUAUAUCAACCUAAAUCCUAG,-9.87,1.2242547723581603
AACGG_CCUAAC,15,2.187082382443187,0.2714328699927666,1.2124500311709394,0.1548696139511813,0.931462521211305,0.0416986265708004,11ntR_6C_7A_9C,AAACGG&CCUAACU,(...((&))....),CUAGGAAACGGUUGAUAUAGGGGAACCUAUAUCAACCUAACUCCUAG,-10.22,0.7825684101407157
AACGG_CCUACG,15,3.1696864436258925,0.3543154476055596,1.3938484190816296,0.1353267162951278,0.7459525063353766,0.0344729274172649,11ntR_5C_9C,AAACGG&CCUACGU,(...((&))....),CUAGGAAACGGUUGAUAUAGGGGAACCUAUAUCAACCUACGUCCUAG,-9.55,1.1536326693142245
AACGG_CCUGCC,15,1.1734033140372606,0.1264088383200232,1.2524771459954802,0.2123899465023603,0.9554669114649198,0.0344837741090134,C7.43,AAACGG&CCUGCCU,(...((&))....),CUAGGAAACGGAAUGCACAGGGGAACCUGUGCAUUCCUGCCUCCUAG,-11.29,0.15990834180873675
AAGGG_CCCUAAC,15,2.053260508982739,0.2848890035816734,1.777094263048178,0.3222820806242017,0.7807060225012247,0.0398976568610081,IC3 ,AAAGGG&CCCUAACU,(.((((&))))...),CUAGGAAAGGGUUGAUAUAGGGGAACCUAUAUCAACCCUAACUCCUAG,-9.53,0.7194290218438607
AAGGG_CCUGCC,15,0.8698998777915448,0.0601879373375067,1.2965233436360328,0.1197492036716155,0.898755352845332,0.0206116210097063,C7.43,AAAGGG&CCUGCCU,(..(((&)))...),CUAGGAAAGGGAAUGCACAGGGGAACCUGUGCAUUCCUGCCUCCUAG,-10.28,-0.1393771569542884
AAUGG_CCUAAA,15,2.0013254038975616,0.2067389546258227,1.3274328349140694,0.1512871617885664,0.907592690854774,0.0326362606135859,11ntR_6A_7A,AAAUGG&CCUAAAU,(...((&))....),CUAGGAAAUGGUUGAUAUAGGGGAACCUAUAUCAACCUAAAUCCUAG,-10.53,0.6938096630187552
AAUGG_CCUAAC,15,1.4805329308188773,0.1749692552834204,1.2372615913294072,0.1664189599150792,0.8520583720270722,0.0350073691941359,11ntR_6C_7A,AAAUGG&CCUAACU,(...((&))....),CUAGGAAAUGGUUGAUAUAGGGGAACCUAUAUCAACCUAACUCCUAG,-10.49,0.39240211135089154
AAUGG_CCUAAG,15,2.952799440429277,0.2083111642873317,1.7704519982795148,0.2152241578065499,0.7231155556989444,0.0248944717763637,11ntR,AAAUGG&CCUAAGU,(...((&))....),CUAGGAAAUGGUUGAUAUAGGGGAACCUAUAUCAACCUAAGUCCUAG,-9.72,1.082753683228512
AAUGG_CCUACC,15,1.734022013583681,0.0812991999827205,1.679343388409945,0.1222483573696308,0.875770557825082,0.0163537293140495,11ntR_5C_6C_7A,AAAUGG&CCUACCU,(...((&))....),CUAGGAAAUGGUUGAUAUAGGGGAACCUAUAUCAACCUACCUCCUAG,-10.17,0.5504435735394044
AAUGG_CCUACG,15,26.268291366949548,80.56558460629746,0.8866163794130762,0.3059116532059321,0.9326584977822686,0.394514286333975,11ntR_5C,AAAUGG&CCUACGU,(...((&))....),CUAGGAAAUGGUUGAUAUAGGGGAACCUAUAUCAACCUACGUCCUAG,-9.16,3.268362560354523
AAUGG_CCUGAC,15,2.382828345198336,0.1482976247909594,1.7612425468119053,0.1846856881501311,0.8811461344769062,0.0238286866389962,C7.43,AAAUGG&CCUGACU,(...((&))....),CUAGGAAAUGGAGGGAUCUUGGGAACAAGAUCCCUCCUGACUCCUAG,-10.15,0.8682881624538389
AAUGG_CCUGUAC,15,3.607569501633612,0.4133368703528256,1.5216725590133962,0.2157179800297669,0.7019752295796176,0.0352999885994521,C7.2,AAAUGG&CCUGUACU,(...((&)).....),CUAGGAAAUGGUUGAUAUAGGGGAACCUAUAUCAACCUGUACUCCUAG,-10.0,1.2830342773524075
AAUGG_CCUUCC,15,1.297205415861072,0.1289771416841486,1.300751852879765,0.1670261494126151,0.9142696617907804,0.03205036442158,C7.43,AAAUGG&CCUUCCU,(...((&))....),CUAGGAAAUGGAAUGCACAGGGGAACCUGUGCAUUCCUUCCUCCUAG,-10.59,0.26021227048168133
AAUGG_UCUAAG,15,32.96745389650307,103.7492825989702,0.9686830873205982,0.3017994585519752,0.6894698581914639,0.3623202021986311,11ntR,AAAUGG&UCUAAGU,(...((&))....),CUAGGAAAUGGAAUGCACAGGGGAACCUGUGCAUUUCUAAGUCCUAG,-8.35,3.4955208292458106
ACUGG_CCUGCC,15,27.790855015756197,153.10851435855685,0.799743344708134,0.1936830696657001,0.8722617904974546,0.3680323143852858,C7.43,AACUGG&CCUGCCU,(...((&))....),CUAGGAACUGGAAUGCACAGGGGAACCUGUGCAUUCCUGCCUCCUAG,-9.06,3.324707010310847
CAAGC_GCUAAA,15,1.741589151064128,0.2479455614188244,1.0659265082491285,0.1425573222915205,0.9085392372905048,0.0398241854221554,11ntR_1G_6A_7C_11C,ACAAGC&GCUAAAU,(..(((&)))...),CUAGGACAAGCAAUGCACAGGGGAACCUGUGCAUUGCUAAAUCCUAG,-10.53,0.5547980016262675
CAAGG_CCUAAA,15,0.5340936239319277,0.0312373845722149,0.908358793915494,0.0628341839428834,0.9485721560124468,0.0157011158582785,11ntR_6A_7C_9A,ACAAGG&CCUAAAU,(..(((&)))...),CUAGGACAAGGUUGAUAUAGGGGAACCUAUAUCAACCUAAAUCCUAG,-11.19,-0.6271841296744788
CAAGG_CCUAAC,15,0.5078380678409813,0.0314957928230572,1.0766402919514602,0.0754341442005174,0.9608780848909594,0.0154902568194602,11ntR_6C_7C_9C,ACAAGG&CCUAACU,(..(((&)))...),CUAGGACAAGGAAUGCACAGGGGAACCUGUGCAUUCCUAACUCCUAG,-10.68,-0.6775926463122842
CAAGG_CCUACC,15,1.062212771280469,0.0993374823580125,1.2273389401631931,0.1424554617374803,0.9016051133147212,0.0292118132125329,11ntR_5C_6C_7C_9C,ACAAGG&CCUACCU,(..(((&)))...),CUAGGACAAGGAAUGCACAGGGGAACCUGUGCAUUCCUACCUCCUAG,-10.59,0.060354252357406636
CACGC_GCUAAA,15,0.3386793594701149,0.0095743212987272,1.033037849420904,0.033204808571787,0.9372224192716868,0.0061901327335969,11ntR_1G_6A_7C_11C,ACACGC&GCUAAAU,(...((&))....),CUAGGACACGCAAUGCACAGGGGAACCUGUGCAUUGCUAAAUCCUAG,-11.08,-1.082701461463791
CACGG_CCCUAAC,15,3.3234463774270444,0.4295205215472099,1.2756317335511071,0.1841834692040678,0.7655953222147369,0.0421627257947749,IC3 ,ACACGG&CCCUAACU,(...((&)).....),CUAGGACACGGAAUGCACAGGGGAACCUGUGCAUUCCCUAACUCCUAG,-9.24,1.201002310001066
CACGG_CCUAAA,15,0.3492936011653861,0.0141949532694494,1.080493945017469,0.0427288913591739,0.9517789107610012,0.0078589090067995,11ntR_6A_7C_9C,ACACGG&CCUAAAU,(...((&))....),CUAGGACACGGUUGAUAUAGGGGAACCUAUAUCAACCUAAAUCCUAG,-11.38,-1.0518424463598026
CACGG_CCUAAC,15,0.7227812339675468,0.0390673701936051,1.1188451380967706,0.0696445985236031,0.9608187249351589,0.0144602954766748,11ntR_6C_7C_9C,ACACGG&CCUAACU,(...((&))....),CUAGGACACGGUUGAUAUAGGGGAACCUAUAUCAACCUAACUCCUAG,-11.44,-0.3246486835679767
CACGG_CCUAAG,15,3.499160252287444,0.8022942429542178,3.3386419750113383,5.437921759810486,0.5862415059818518,0.0632174248435139,11ntR_7C_9C,ACACGG&CCUAAGU,((..((&))...)),CUAGGACACGGAAUGCACAGGGGAACCUGUGCAUUCCUAAGUCCUAG,-9.71,1.2525230117901873
CACGG_CCUAAU,15,1.3848949685805303,0.0681053318304712,1.4233810210520506,0.0870917398533248,0.9080262109462685,0.0169890986643325,11ntR_6A_7C_9C,ACACGG&CCUAAUU,(...((&))....),CUAGGACACGGUUGAUAUAGGGGAACCUAUAUCAACCUAAUUCCUAG,-9.93,0.32562430180377994
CACGG_CCUACA,15,0.79070637320237,0.0576963526277816,1.096596215627292,0.0942721254603689,0.944231594610884,0.0196983869162996,11ntR_5C_6A_7C_9C,ACACGG&CCUACAU,(...((&))....),CUAGGACACGGUUGAUAUAGGGGAACCUAUAUCAACCUACAUCCUAG,-10.85,-0.23482858973491863
CACGG_CCUACC,15,1.2449988036913826,0.1410934493845652,1.06298180435865,0.1450299581866233,0.9728038598422346,0.0382533250827569,11ntR_5C_6C_7C_9C,ACACGG&CCUACCU,(...((&))....),CUAGGACACGGUUGAUAUAGGGGAACCUAUAUCAACCUACCUCCUAG,-11.3,0.21913456902575354
CACGG_CCUACG,15,3.2261500180398817,0.4653804798060282,1.802249243027204,0.7405708365873848,0.7578600979649657,0.049618595571145,11ntR_5C_7C_9C,ACACGG&CCUACGU,((..((&))...)),CUAGGACACGGUUGAUAUAGGGGAACCUAUAUCAACCUACGUCCUAG,-9.78,1.1712894814239905
CACGG_CCUAGA,15,4.224026865708642,2.36222708427992,1.266546066480431,0.2439938385099787,0.7388562290325216,0.0921593844443173,11ntR_6A_7C_9C,ACACGG&CCUAGAU,(...((&))....),CUAGGACACGGUUGAUAUAGGGGAACCUAUAUCAACCUAGAUCCUAG,-9.45,1.440788906636727
CACGG_CCUAGC,15,3.737993463536917,1.4675660704751454,1.086740539423294,0.2482394460799278,0.6710247414656324,0.0896524709284974,11ntR_5C_6C_7C_9C,ACACGG&CCUAGCU,(...((&))....),CUAGGACACGGAAUGCACAGGGGAACCUGUGCAUUCCUAGCUCCUAG,-9.09,1.3185489603793321
CACGG_CCUAUC,15,2.155840344459889,0.1083924818850555,1.6708372189365277,0.1016135206163478,0.8630381324202019,0.0166876354389336,11ntR_5C_6C_7C_9C,ACACGG&CCUAUCU,(...((&))....),CUAGGACACGGAAUGCACAGGGGAACCUGUGCAUUCCUAUCUCCUAG,-10.03,0.7681805985700403
CACGG_CCUCCC,15,3.760113057392027,0.6173565503684755,1.4656818729749963,0.2826703401413603,0.6130298282530752,0.0486373770977805,11ntR_5C_6C_7C_9C,ACACGG&CCUCCCU,(...((&))....),CUAGGACACGGAAUGCACAGGGGAACCUGUGCAUUCCUCCCUCCUAG,-9.78,1.3244490254050825
CACGG_CCUUAA,15,3.597261119400987,0.6776906880800515,1.187147226795061,0.1405879539349517,0.6967921288005844,0.0470631329724952,11ntR_6A_7C_9C,ACACGG&CCUUAAU,(...((&))....),CUAGGACACGGUUGAUAUAGGGGAACCUAUAUCAACCUUAAUCCUAG,-9.68,1.2801727557403535
CACGG_CCUUAC,15,4.998415299725332,0.4537387100909506,1.6094386187646592,0.1931919159337484,0.6738441869284764,0.0309322745688878,11ntR_6C_7C_9C,ACACGG&CCUUACU,(...((&))....),CUAGGACACGGAAUGCACAGGGGAACCUGUGCAUUCCUUACUCCUAG,-9.76,1.6091209221430527
CACGG_CCUUCC,15,5.592872462117161,4.101306612621061,1.010194486213878,0.2669735167003031,0.9532388648827208,0.1615584642075857,11ntR_5C_6C_7C_9C,ACACGG&CCUUCCU,(...((&))....),CUAGGACACGGAAUGCACAGGGGAACCUGUGCAUUCCUUCCUCCUAG,-10.24,1.721493012453613
CAGGC_GCUAAA,15,2.9511625607116074,1.32187446269828,0.8456305909207127,0.1479484885075272,0.8745139587887482,0.088385952899579,11ntR_1G_6A_7C_11C,ACAGGC&GCUAAAU,(..(((&)))...),CUAGGACAGGCAGGGAUCUUGGGAACAAGAUCCCUGCUAAAUCCUAG,-10.44,1.0821991810961156
CAGGG_CCUAAA,15,0.2156119265014414,0.0062673680237917,1.0482758439720836,0.032298381917305,0.9318028122112314,0.0049481093826511,11ntR_6A_7C_9G,ACAGGG&CCUAAAU,(..(((&)))...),CUAGGACAGGGUUGAUAUAGGGGAACCUAUAUCAACCUAAAUCCUAG,-10.88,-1.534275123752582
CAGGG_CCUAAC,15,2.777844165981289,0.4358611772418118,1.428695805640659,0.3837247886884775,0.8815916553533483,0.0615515099427321,11ntR_6C_7C_9G,ACAGGG&CCUAACU,(..(((&)))...),CUAGGACAGGGUUGAUAUAGGGGAACCUAUAUCAACCUAACUCCUAG,-10.61,1.021675146999651
CAGGG_CCUACA,15,0.8572514787035642,0.0636491171471441,1.0588812493556106,0.0720809784654691,0.918129989580342,0.0198966933053764,11ntR_5C_6A_7C_9G,ACAGGG&CCUACAU,(..(((&)))...),CUAGGACAGGGUUGAUAUAGGGGAACCUAUAUCAACCUACAUCCUAG,-10.58,-0.1540239627020541
CAGGG_CCUACC,15,2.081185138630097,0.2791539920273032,1.4610802826549116,0.372445862594186,0.8431797504514558,0.0516354638517778,11ntR_5C_6C_7C_9G,ACAGGG&CCUACCU,(..(((&)))...),CUAGGACAGGGUUGAUAUAGGGGAACCUAUAUCAACCUACCUCCUAG,-10.75,0.7329375096388142
CAUGC_GCUAAA,15,1.229757228010765,0.1213257522298503,1.1972829120710762,0.1724649841061241,0.9396726097829536,0.0334939638367391,11ntR_1G_6A_7C_11C,ACAUGC&GCUAAAU,(...((&))....),CUAGGACAUGCUUGAUAUAGGGGAACCUAUAUCAAGCUAAAUCCUAG,-11.39,0.2068167743021946
CAUGC_GCUACA,15,2.5325108363906152,0.6224602666536019,1.5459784220781063,0.5369435274006653,0.7660577531081758,0.0706219235543595,11ntR_1G_6A_7C_11C,ACAUGC&GCUACAU,(...((&))....),CUAGGACAUGCAAUGCACAGGGGAACCUGUGCAUUGCUACAUCCUAG,-10.8,0.9292112360617009
CAUGC_GCUUAA,15,2.495033196531615,0.5309952873528335,1.4235574899291248,0.2979740974528268,0.6086380927241034,0.0474888405390651,11ntR_1G_6A_7C_11C,ACAUGC&GCUUAAU,(...((&))....),CUAGGACAUGCAAUGCACAGGGGAACCUGUGCAUUGCUUAAUCCUAG,-9.56,0.9143020343380605
CAUGG_CCCUAAC,15,2.3833850365606284,0.2047903689160736,1.9871429894204191,0.2717254300834947,0.6822245898830829,0.0279605887174533,IC3 ,ACAUGG&CCCUAACU,(...((&)).....),CUAGGACAUGGAGGGAUCUUGGGAACAAGAUCCCUCCCUAACUCCUAG,-9.71,0.8685217614643046
CAUGG_CCUAAA,15,0.2116991579226859,0.0041056365543285,1.2736751670287283,0.029724925107936,0.944045754025134,0.0034106451952894,11ntR_6A_7C,ACAUGG&CCUAAAU,(...((&))....),CUAGGACAUGGUUGAUAUAGGGGAACCUAUAUCAACCUAAAUCCUAG,-11.77,-1.5525890785408398
CAUGG_CCUAAC,15,0.6195489243444592,0.0323877976886649,1.0320826068034867,0.0745000643255287,0.9475444311373096,0.0155164148701458,11ntR_6C_7C,ACAUGG&CCUAACU,(...((&))....),CUAGGACAUGGUUGAUAUAGGGGAACCUAUAUCAACCUAACUCCUAG,-11.39,-0.4787636071095707
CAUGG_CCUAAU,15,2.4396485237394625,0.4874841855216618,1.5164425157037948,0.3573086588827475,0.6994661737194299,0.0558678346609183,11ntR_6A_7C,ACAUGG&CCUAAUU,(...((&))....),CUAGGACAUGGUUGAUAUAGGGGAACCUAUAUCAACCUAAUUCCUAG,-9.63,0.8918539812814904
CAUGG_CCUACA,15,0.3354829592482668,0.0114948538669856,1.0600988156268556,0.041253505660089,0.9319684923645766,0.0071039515382765,11ntR_5C_6A_7C,ACAUGG&CCUACAU,(...((&))....),CUAGGACAUGGUUGAUAUAGGGGAACCUAUAUCAACCUACAUCCUAG,-11.31,-1.0921841159668706
CAUGG_CCUACC,15,1.5404283132959455,0.2787492166359649,1.1556387413778209,0.2023534110635227,0.884665994245611,0.050966346646674,11ntR_5C_6C_7C,ACAUGG&CCUACCU,(...((&))....),CUAGGACAUGGUUGAUAUAGGGGAACCUAUAUCAACCUACCUCCUAG,-11.05,0.43206050327265383
CAUGG_CCUACU,15,2.362853496482885,0.1449782254032446,1.5317549633800127,0.1155719574846659,0.7915386184338143,0.0180468121025186,11ntR_5C_6U_7C,ACAUGG&CCUACUU,(...((&))....),CUAGGACAUGGUUGAUAUAGGGGAACCUAUAUCAACCUACUUCCUAG,-9.98,0.8598699973334907
CAUGG_CCUCCC,15,2.820883474680293,0.2068782299517873,1.6918967583682214,0.1720407710467471,0.780675029013277,0.0241701596398693,11ntR_5C_6C_7C,ACAUGG&CCUCCCU,(...((&))....),CUAGGACAUGGAAUGCACAGGGGAACCUGUGCAUUCCUCCCUCCUAG,-9.87,1.0370501247790251
CAUGG_CCUGCC,15,2.4290579684364757,0.1554811207629359,1.5070851069282554,0.1129978115708339,0.8539816945130362,0.0215831367050469,11ntR_5C_6C_7C,ACAUGG&CCUGCCU,(...((&))....),CUAGGACAUGGAAUGCACAGGGGAACCUGUGCAUUCCUGCCUCCUAG,-10.05,0.8875035148799671
CAUGG_CCUUAA,15,1.7936353608502946,0.2360899314685813,1.1736473748187388,0.1496576821043136,0.8960230548579148,0.0401346494193373,11ntR_6A_7C,ACAUGG&CCUUAAU,(...((&))....),CUAGGACAUGGUUGAUAUAGGGGAACCUAUAUCAACCUUAAUCCUAG,-10.37,0.5842444881560803
CAUGG_CCUUCC,15,2.0110159359084334,0.3376208763582047,1.207048650113089,0.1752956864351147,0.9016821220593488,0.0489898077353147,11ntR_5C_6C_7C,ACAUGG&CCUUCCU,(...((&))....),CUAGGACAUGGAAUGCACAGGGGAACCUGUGCAUUCCUUCCUCCUAG,-10.48,0.6986400351292981
CAUGU_ACUAAA,15,1.0276923805594342,0.0832092363573914,1.1425656558301964,0.1386153613127444,0.9593487750100806,0.0273637127302678,11ntR_1A_6A_7C_11U,ACAUGU&ACUAAAU,(...((&))....),CUAGGACAUGUUUGAUAUAGGGGAACCUAUAUCAAACUAAAUCCUAG,-10.73,0.027315881550601516
CAUGU_ACUAAC,15,1.1198572464001564,0.0900472313427419,1.2369900595813852,0.1284118988787643,0.8969050383873701,0.0245630554467132,11ntR_1A_6C_7C_11U,ACAUGU&ACUAACU,(...((&))....),CUAGGACAUGUUUGAUAUAGGGGAACCUAUAUCAAACUAACUCCUAG,-10.29,0.11320121861218024
GACGG_CCUAAA,15,6.343118993033472,5.561856998221992,1.1237185141213528,0.2908231588904553,0.5904049630124814,0.123513014212067,11ntR_6A_7C_9C,AGACGG&CCUAAAU,(...((&))....),CUAGGAGACGGUUGAUAUAGGGGAACCUAUAUCAACCUAAAUCCUAG,-8.91,1.8473706022162164
GACGG_CCUAAG,15,0.4930472542265675,0.0280904021235187,1.1676308701734186,0.0753699016447507,0.9548881912393432,0.0127639805041479,11ntR,AGACGG&CCUAAGU,(...((&))....),CUAGGAGACGGAAUGCACAGGGGAACCUGUGCAUUCCUAAGUCCUAG,-11.3,-0.70715025917465
GACGG_CCUACG,15,1.824412406172771,0.0926740963455854,1.4869611476548252,0.0884219980324465,0.9083951774505136,0.0160665988885114,11ntR_5C_9C,AGACGG&CCUACGU,(...((&))....),CUAGGAGACGGUUGAUAUAGGGGAACCUAUAUCAACCUACGUCCUAG,-10.02,0.6012579659708376
GAUGG_CCCUAAG,15,2.99637544322047,0.3518296102433631,1.5497397581352623,0.1733014062784965,0.7718348409721524,0.0347296612786712,IC3 ,AGAUGG&CCCUAAGU,(...((&)).....),CUAGGAGAUGGAAUGCACAGGGGAACCUGUGCAUUCCCUAAGUCCUAG,-9.12,1.0974033726303183
GAUGG_CCUAAA,15,1.2600532530527735,0.1543164148913365,1.1182649049989577,0.1346701239425469,0.8365247138927547,0.0321631073809867,11ntR_6A_7C,AGAUGG&CCUAAAU,(...((&))....),CUAGGAGAUGGUUGAUAUAGGGGAACCUAUAUCAACCUAAAUCCUAG,-10.42,0.2311539843978731
GAUGG_CCUAAAG,15,2.972530980936836,0.8404170537751898,1.1224760505610996,0.2357690969894239,0.8679855146700041,0.0804776721125691,11nt_R_Vc2_30_2,AGAUGG&CCUAAAGU,(...((&)).....),CUAGGAGAUGGAAUGCACAGGGGAACCUGUGCAUUCCUAAAGUCCUAG,-10.29,1.089413772047186
GAUGG_CCUACAC,15,3.866167653170545,0.7056633399952054,1.3058113681099794,0.1837913502004045,0.813175132273482,0.0600360994165809,C7.22,AGAUGG&CCUACACU,((..((&))....)),CUAGGAGAUGGAAUGCACAGGGGAACCUGUGCAUUCCUACACUCCUAG,-9.7,1.3522637459013542
GAUGG_CCUCCAC,15,7.956050265907694,1.82469555480056,1.22720658984676,0.181977468006645,0.6957811585457216,0.0718832535138891,C7.22,AGAUGG&CCUCCACU,((..((&))....)),CUAGGAGAUGGAAUGCACAGGGGAACCUGUGCAUUCCUCCACUCCUAG,-9.3,2.0739326789591597
UAAGG_CCUAAC,15,1.4515730554791637,0.0486568630832568,1.526820178190933,0.0870850978634876,0.9169709478916952,0.0123215294563004,11ntR_6C,AUAAGG&CCUAACU,(..(((&)))...),CUAGGAUAAGGAGGGAUCUUGGGAACAAGAUCCCUCCUAACUCCUAG,-9.85,0.3726478342384875
UACGA_UCUAAG,15,2.042371354009531,0.579311856116919,0.9258829871564654,0.1754536013318733,0.8815558725100517,0.0715933741409918,11ntR_1U_9C_11A,AUACGA&UCUAAGU,((..((&))...)),CUAGGAUACGAUUGAUAUAGGGGAACCUAUAUCAAUCUAAGUCCUAG,-10.31,0.7141115611953525
UACGA_UCUACG,15,1.9455409434475623,0.3041569780886347,1.1509761535396976,0.1628003873340227,0.8299292352767749,0.0425418051131828,11ntR_1U_5C_9C_11A,AUACGA&UCUACGU,((..((&))...)),CUAGGAUACGAUUGAUAUAGGGGAACCUAUAUCAAUCUACGUCCUAG,-10.28,0.6655400584266586
UACGC_GCUAAA,15,4.953387888904746,1.404124185845529,5.081782678419055,16.220847674745038,0.934964236995188,0.1168695737692056,11ntR_1G_6A_9C_11C,AUACGC&GCUAAAU,((..((&))...)),CUAGGAUACGCUUGAUAUAGGGGAACCUAUAUCAAGCUAAAUCCUAG,-9.95,1.6000717644716338
UACGC_GCUAAG,15,0.5177413031991824,0.0163012283670641,1.2721065924336914,0.0516704586576143,0.8985776905108314,0.007781961870252,11ntR_1G_9C_11C,AUACGC&GCUAAGU,((..((&))...)),CUAGGAUACGCUUGAUAUAGGGGAACCUAUAUCAAGCUAAGUCCUAG,-10.32,-0.658279576145091
UACGC_GCUACG,15,1.82975434119017,0.2469766854215637,1.135950282195148,0.1510297956560349,0.8969314301089918,0.0448107469215403,11ntR_1G_5C_9C_11C,AUACGC&GCUACGU,((..((&))...)),CUAGGAUACGCUUGAUAUAGGGGAACCUAUAUCAAGCUACGUCCUAG,-10.38,0.6041817180555706
UACGG_CCUAAA,15,1.0934245721753568,0.105779938448098,1.1022254371236753,0.122501245925352,0.9066914336129418,0.0297665900119796,11ntR_6A_9C,AUACGG&CCUAAAU,((..((&))...)),CUAGGAUACGGUUGAUAUAGGGGAACCUAUAUCAACCUAAAUCCUAG,-10.59,0.08931458040655908
UACGG_CCUAAC,15,1.5882701606389782,0.1790935874466361,1.1273017560668308,0.1530720536413875,0.9168568863867966,0.0373776735205787,11ntR_6C_9C,AUACGG&CCUAACU,(...((&))....),CUAGGAUACGGUUGAUAUAGGGGAACCUAUAUCAACCUAACUCCUAG,-10.69,0.46264547470206174
UACGG_CCUAAG,15,0.4886709357177523,0.0200146622095018,1.1105463237399025,0.0597355379097631,0.9425546684570596,0.0111817364055395,11ntR_9C,AUACGG&CCUAAGU,((..((&))...)),CUAGGAUACGGUUGAUAUAGGGGAACCUAUAUCAACCUAAGUCCUAG,-10.72,-0.7160659491208977
UACGG_CCUAAU,15,1.4413017483083757,0.0574268206948035,1.618168272130034,0.1006814651449393,0.8837800693180402,0.0115623363589251,11ntR_6U_9C,AUACGG&CCUAAUU,(...((&))....),CUAGGAUACGGUUGAUAUAGGGGAACCUAUAUCAACCUAAUUCCUAG,-10.14,0.36554669711414634
UACGG_CCUACC,15,1.6563805650683403,0.2412421763390965,1.0022893650081917,0.1398840752086396,0.8891229043968499,0.0411295120711495,11ntR_5C_6C_9C,AUACGG&CCUACCU,(...((&))....),CUAGGAUACGGUUGAUAUAGGGGAACCUAUAUCAACCUACCUCCUAG,-10.39,0.5046348393847123
UACGG_CCUACG,15,1.632076992072786,0.2101290940950362,1.1643490665968983,0.2203569754744107,0.9450904283471168,0.0447318770766025,11ntR_5C_9C,AUACGG&CCUACGU,((..((&))...)),CUAGGAUACGGUUGAUAUAGGGGAACCUAUAUCAACCUACGUCCUAG,-10.71,0.48985343194432596
UACGG_CCUACU,15,1.2856149825073009,0.0428805081247773,1.7253593230590172,0.1012980832958876,0.8942831806709411,0.010750366422957,11ntR_5C_9C,AUACGG&CCUACUU,(...((&))....),CUAGGAUACGGUUGAUAUAGGGGAACCUAUAUCAACCUACUUCCUAG,-10.13,0.25123718947041107
UACGG_UCUAAG,15,2.030996556134407,0.2034285355870458,1.1727897478390918,0.1111141933235375,0.8243066039455814,0.0298779748625676,11ntR_1U_9C,AUACGG&UCUAAGU,((..((&))...)),CUAGGAUACGGUUGAUAUAGGGGAACCUAUAUCAAUCUAAGUCCUAG,-10.0,0.7085265869465919
UACGG_UCUACG,15,1.6277912585904062,0.0651018151038013,1.7195711624913212,0.1018688972584505,0.8281994036057344,0.0122106496083709,11ntR_1U_5C_9C,AUACGG&UCUACGU,((..((&))...)),CUAGGAUACGGUUGAUAUAGGGGAACCUAUAUCAAUCUACGUCCUAG,-10.07,0.4872240398204582
UAGGG_CCUACC,15,3.1626121169798576,0.8206012537152402,1.0390118621351676,0.1739885253718984,0.8820973612918089,0.0694826308592465,11ntR_5C_6C_9G,AUAGGG&CCUACCU,(..(((&)))...),CUAGGAUAGGGUUGAUAUAGGGGAACCUAUAUCAACCUACCUCCUAG,-10.25,1.1513983054346721
UAUGG_CCUAAAC,15,1.1363811961530623,0.044158259731387,1.661237697262692,0.0996063778447644,0.915765258700391,0.0122921137142667,11nt_R_Vc2_0_2,AUAUGG&CCUAAACU,(...((&)).....),CUAGGAUAUGGAAUGCACAGGGGAACCUGUGCAUUCCUAAACUCCUAG,-10.15,0.12784882400518932
UAUGG_CCUAAAG,15,1.715839685030829,0.2168527571006092,1.3694408231940125,0.2391002822571196,0.905996418522881,0.0439409842834709,C7.9,AUAUGG&CCUAAAGU,((..((&))....)),CUAGGAUAUGGUUGAUAUAGGGGAACCUAUAUCAACCUAAAGUCCUAG,-11.13,0.5399025730598023
UAUGG_CCUAAC,15,0.9044957861693464,0.0579228863598244,1.1741345748220124,0.1055813183173882,0.9605200160716928,0.0181056229140648,11ntR_6C,AUAUGG&CCUAACU,(...((&))....),CUAGGAUAUGGUUGAUAUAGGGGAACCUAUAUCAACCUAACUCCUAG,-11.26,-0.10037763289799691
UAUGG_CCUACC,15,2.1764117010451685,0.5033365086679743,1.0310230708956647,0.1549646326197536,0.8752255068711051,0.0615974179981474,11ntR_5C_6C,AUAUGG&CCUACCU,(...((&))....),CUAGGAUAUGGUUGAUAUAGGGGAACCUAUAUCAACCUACCUCCUAG,-10.39,0.7776775119454364
UAUGG_UCUAAC,15,0.9517940711750656,0.0753996532849003,1.1898065578035408,0.1083084258045742,0.8735325996883175,0.0212338213936764,11ntR_1U_6C,AUAUGG&UCUAACU,(...((&))....),CUAGGAUAUGGUUGAUAUAGGGGAACCUAUAUCAAUCUAACUCCUAG,-10.34,-0.04940657938043896
